Model,Train R²,Test R²,Train MAE,Test MAE,Train RMSE,Test RMSE,Train MAPE,Test MAPE
XGBoost,0.9998368620872498,0.9987631440162659,0.3947752118110657,0.7514255046844482,0.5377584523556896,1.5361697513239911,0.15681053789484836,0.3002480318121779
LightGBM,0.99973269951776,0.9989436398223165,0.42583297537373055,0.6869695060239762,0.6883029048408281,1.4196519991308374,0.1691934855570488,0.2745745198135049
RandomForest,0.999026478138624,0.9975952586245218,0.3531257019123536,0.6189047607020794,1.3135680771447278,2.141953684190793,0.13513176217770714,0.242228406205525
CatBoost,0.997063235512985,0.9967815984616671,1.5905325293497474,1.6764014438550956,2.2814675243595204,2.477969755978101,0.6241561074111073,0.6699326181399221
Stacking Ensemble,0.9998283286578048,0.9990294485965642,0.3814993733959088,0.6505969451556622,0.5516055568550456,1.3607713558433485,0.15197758117844964,0.25905653453414007
