{
  "RandomForest": {
    "train_r2": 0.999026478138624,
    "test_r2": 0.9975952586245218,
    "train_mae": 0.3531257019123541,
    "test_mae": 0.6189047607020803,
    "train_rmse": 1.3135680771447282,
    "test_rmse": 2.1419536841907933,
    "cv_mean": 0.9968419863569433,
    "cv_std": 0.000550977584458454
  },
  "XGBoost": {
    "train_r2": 0.9994458556175232,
    "test_r2": 0.9982971549034119,
    "train_mae": 0.6936830282211304,
    "test_mae": 0.8888196349143982,
    "train_rmse": 0.9910438735057379,
    "test_rmse": 1.8024593321171374,
    "cv_mean": 0.9982117772102356,
    "cv_std": 0.00017608958392104418
  },
  "LightGBM": {
    "train_r2": 0.9987906810408425,
    "test_r2": 0.9981962996357047,
    "train_mae": 0.9139978391251776,
    "test_mae": 1.022469531630951,
    "train_rmse": 1.4640306268911247,
    "test_rmse": 1.8550605269955116,
    "cv_mean": 0.9977035334059255,
    "cv_std": 0.0008449369765851579
  },
  "CatBoost": {
    "train_r2": 0.997063235512985,
    "test_r2": 0.9967815984616671,
    "train_mae": 1.5905325293497474,
    "test_mae": 1.6764014438550956,
    "train_rmse": 2.2814675243595204,
    "test_rmse": 2.477969755978101,
    "cv_mean": 0.9958362600440942,
    "cv_std": 0.0005339885561707302
  }
}