{
  "XGBoost": {
    "train_r2": 0.9998368620872498,
    "test_r2": 0.9987631440162659,
    "train_mae": 0.3947752118110657,
    "test_mae": 0.7514255046844482,
    "train_rmse": 0.5377584523556896,
    "test_rmse": 1.5361697513239911,
    "cv_mean_r2": 0.9986378073692321,
    "cv_std_r2": 0.0001967447009397759
  },
  "LightGBM": {
    "train_r2": 0.99973269951776,
    "test_r2": 0.9989436398223165,
    "train_mae": 0.42583297537373055,
    "test_mae": 0.6869695060239762,
    "train_rmse": 0.6883029048408281,
    "test_rmse": 1.4196519991308374,
    "cv_mean_r2": 0.9987268313387911,
    "cv_std_r2": 0.0007020710637135855
  },
  "RandomForest": {
    "train_r2": 0.999026478138624,
    "test_r2": 0.9975952586245218,
    "train_mae": 0.3531257019123536,
    "test_mae": 0.6189047607020798,
    "train_rmse": 1.3135680771447276,
    "test_rmse": 2.1419536841907933,
    "cv_mean_r2": 0.9968419863569433,
    "cv_std_r2": 0.000550977584458454
  },
  "CatBoost": {
    "train_r2": 0.997063235512985,
    "test_r2": 0.9967815984616671,
    "train_mae": 1.5905325293497474,
    "test_mae": 1.6764014438550956,
    "train_rmse": 2.2814675243595204,
    "test_rmse": 2.477969755978101,
    "cv_mean_r2": 0.9958362600440942,
    "cv_std_r2": 0.0005339885561707302
  },
  "Stacking Ensemble": {
    "train_r2": 0.9998283286578048,
    "test_r2": 0.9990294485965642,
    "train_mae": 0.3814993733959087,
    "test_mae": 0.6505969451556625,
    "train_rmse": 0.5516055568550456,
    "test_rmse": 1.3607713558433487,
    "cv_mean_r2": null,
    "cv_std_r2": null
  }
}